<?xml version="1.0" encoding="utf-8"?>
<odoo>
    <data noupdate="1">
        <record id="closing_pos_session_corn_cron" forcecreate='True' model="ir.cron">
            <field name="name">Pos Sessions Close</field>
            <field eval="True" name="active"/>
            <field name="user_id" ref="base.user_root"/>
            <field name="interval_number">1</field>
            <field name="interval_type">days</field>
            <field name="numbercall">-1</field>
            <field name="model_id" ref="model_pos_session"/>
            <field name="state">code</field>
            <field name="code">model.close_pos_all_session_close()</field>
            <field name="nextcall" eval="(DateTime.now() + timedelta(days=1)).strftime('%Y-%m-%d 03:10:59')" />
        </record>

    </data>
</odoo>