<?xml version="1.0" encoding="utf-8"?>
<odoo>
    <data noupdate="1">

        <record id="cash_transfer_sequence" model="ir.sequence">
            <field name="name">cash.transfer.sequence</field>
            <field name="code">cash.transfer.seq</field>
            <field name="prefix">CT-</field>
            <field name="padding">5</field>
            <field eval="1" name="number_next"/>
            <field eval="1" name="number_increment"/>
            <field eval="False" name="company_id"/>
        </record>

    </data>
</odoo>